ID,ADDRESS
45573,"Москва, Зеленоград, корп.1001"
45574,"Москва, Зеленоград, корп.1002"
45575,"Москва, Зеленоград, корп.1003"
45576,"Москва, Зеленоград, корп.1004"
45577,"Москва, Зеленоград, корп.1004, стр.1"
45578,"Москва, Зеленоград, корп.1005"
45579,"Москва, Зеленоград, корп.1006"
45580,"Москва, Зеленоград, корп.1006, стр.1"
45581,"Москва, Зеленоград, корп.1007"
45582,"Москва, Зеленоград, корп.1007, стр.2"
45583,"Москва, Зеленоград, корп.1011"
45584,"Москва, Зеленоград, корп.1012"
45585,"Москва, Зеленоград, корп.1012, стр.1"
45586,"Москва, Зеленоград, корп.1013"
45587,"Москва, Зеленоград, корп.1013, стр.1"
45588,"Москва, Зеленоград, корп.1014"
45589,"Москва, Зеленоград, корп.1015"
45590,"Москва, Зеленоград, корп.1015, стр.1"
45591,"Москва, Зеленоград, ул. Гоголя, д.11А"
45592,"Москва, Зеленоград, ул. Гоголя, д.11Б"
45593,"Москва, Зеленоград, ул. Гоголя, д.11В"
45594,"Москва, Зеленоград, ул. Панфилова, д.15"
45595,"Москва, Зеленоград, ул. Панфилова, д.15А"
45596,"Москва, Зеленоград, ул. Панфилова, д.17"
45597,"Москва, Зеленоград, корп.200А"
45598,"Москва, Зеленоград, корп.200Б"
45599,"Москва, Зеленоград, корп.200В"
45600,"Москва, Зеленоград, корп.200Г"
45601,"Москва, Зеленоград, корп.205"
45602,"Москва, Зеленоград, корп.207"
45603,"Москва, Зеленоград, корп.219"
45604,"Москва, Зеленоград, корп.231"
45605,"Москва, Зеленоград, корп.232"
45606,"Москва, Зеленоград, корп.234"
45607,"Москва, Зеленоград, корп.235"
45608,"Москва, Зеленоград, корп.236"
45609,"Москва, Зеленоград, корп.237"
45610,"Москва, Зеленоград, корп.238"
45611,"Москва, Зеленоград, корп.239"
45612,"Москва, Зеленоград, корп.239, стр.1"
45613,"Москва, Зеленоград, корп.240"
45614,"Москва, Зеленоград, корп.241"
45615,"Москва, Зеленоград, корп.247"
45616,"Москва, Зеленоград, корп.248"
45617,"Москва, Зеленоград, корп.249"
45618,"Москва, Зеленоград, корп.250"
45619,"Москва, Зеленоград, корп.251"
45620,"Москва, Зеленоград, корп.303"
45621,"Москва, Зеленоград, корп.301А"
45622,"Москва, Зеленоград, корп.301Б"
45623,"Москва, Зеленоград, корп.302А"
45624,"Москва, Зеленоград, корп.302Б"
45625,"Москва, Зеленоград, корп.303"
45626,"Москва, Зеленоград, корп.303, стр.1"
45627,"Москва, Зеленоград, корп.303, стр.2"
45628,"Москва, Зеленоград, корп.305"
45629,"Москва, Зеленоград, корп.305, стр.1"
45630,"Москва, Зеленоград, корп.306"
45631,"Москва, Зеленоград, корп.307"
45632,"Москва, Зеленоград, корп.308"
45633,"Москва, Зеленоград, корп.309"
45634,"Москва, Зеленоград, корп.309, стр.1"
45635,"Москва, Зеленоград, корп.311"
45636,"Москва, Зеленоград, корп.313"
45637,"Москва, Зеленоград, корп.313, стр.1"
45638,"Москва, Зеленоград, корп.315"
45639,"Москва, Зеленоград, корп.315, стр.1"
45640,"Москва, Зеленоград, корп.315, стр.2"
45641,"Москва, Зеленоград, корп.315, стр.3"
45642,"Москва, Зеленоград, корп.316"
45643,"Москва, Зеленоград, корп.320"
45644,"Москва, Зеленоград, корп.320, стр.1"
45645,"Москва, Зеленоград, корп.322"
45646,"Москва, Зеленоград, корп.329"
45647,"Москва, Зеленоград, корп.330"
45648,"Москва, Зеленоград, корп.331"
45649,"Москва, Зеленоград, корп.333"
45650,"Москва, Зеленоград, корп.334"
45651,"Москва, Зеленоград, корп.334, стр.1"
45652,"Москва, Зеленоград, корп.335"
45653,"Москва, Зеленоград, корп.337"
45654,"Москва, Зеленоград, корп.337, стр.2"
45655,"Москва, Зеленоград, корп.337, стр.3"
45656,"Москва, Зеленоград, корп.338"
45657,"Москва, Зеленоград, корп.338А"
45658,"Москва, Зеленоград, корп.338Б"
45659,"Москва, Зеленоград, корп.339А"
45660,"Москва, Зеленоград, корп.339Б"
45661,"Москва, Зеленоград, корп.339Б, стр.1"
45662,"Москва, Зеленоград, корп.340"
45663,"Москва, Зеленоград, корп.345"
45664,"Москва, Зеленоград, корп.346"
45665,"Москва, Зеленоград, корп.347"
45666,"Москва, Зеленоград, корп.347, стр.1"
45667,"Москва, Зеленоград, корп.348"
45668,"Москва, Зеленоград, корп.349"
45669,"Москва, Зеленоград, корп.350"
45670,"Москва, Зеленоград, корп.351"
45671,"Москва, Зеленоград, корп.352"
45672,"Москва, Зеленоград, корп.356"
45673,"Москва, Зеленоград, корп.356, стр.1"
45674,"Москва, Зеленоград, корп.357"
45675,"Москва, Зеленоград, корп.357, стр.1"
45676,"Москва, Зеленоград, корп.358"
45677,"Москва, Зеленоград, корп.360"
45678,"Москва, Зеленоград, корп.361"
45679,"Москва, Зеленоград, корп.361, стр.1"
45680,"Москва, Зеленоград, корп.362"
45681,"Москва, Зеленоград, корп.363"
45682,"Москва, Зеленоград, корп.363, стр.1"
45683,"Москва, Зеленоград, корп.364"
45684,"Москва, Зеленоград, корп.365"
45685,"Москва, Зеленоград, корп.366"
45686,"Москва, Зеленоград, корп.366, стр.1"
45687,"Москва, Зеленоград, корп.604"
45688,"Москва, Зеленоград, корп.605"
45689,"Москва, Зеленоград, корп.611"
45690,"Москва, Зеленоград, корп.601"
45691,"Москва, Зеленоград, корп.602"
45692,"Москва, Зеленоград, корп.602, стр.2"
45693,"Москва, Зеленоград, корп.604"
45694,"Москва, Зеленоград, корп.604, стр.1"
45695,"Москва, Зеленоград, корп.605"
45696,"Москва, Зеленоград, корп.605, стр.1"
45697,"Москва, Зеленоград, корп.606"
45698,"Москва, Зеленоград, корп.607"
45699,"Москва, Зеленоград, корп.608"
45700,"Москва, Зеленоград, корп.608, стр.1"
45701,"Москва, Зеленоград, корп.611"
45702,"Москва, Зеленоград, корп.611, стр.1"
45703,"Москва, Зеленоград, корп.612"
45704,"Москва, Зеленоград, корп.612, стр.1"
45705,"Москва, Зеленоград, корп.612, стр.2"
45706,"Москва, Зеленоград, корп.613"
45707,"Москва, Зеленоград, корп.614"
45708,"Москва, Зеленоград, корп.615"
45709,"Москва, Зеленоград, корп.616"
45710,"Москва, Зеленоград, корп.616, стр.1"
45711,"Москва, Зеленоград, корп.618"
45712,"Москва, Зеленоград, корп.618, стр.1"
45713,"Москва, Зеленоград, корп.618, стр.2"
45714,"Москва, Зеленоград, корп.622"
45715,"Москва, Зеленоград, корп.622, стр.1"
45716,"Москва, Зеленоград, корп.623"
45717,"Москва, Зеленоград, корп.623, стр.1"
45718,"Москва, Зеленоград, корп.624"
45719,"Москва, Зеленоград, корп.624, стр.1"
45720,"Москва, Зеленоград, корп.627"
45721,"Москва, Зеленоград, корп.627, стр.1"
45722,"Москва, Зеленоград, корп.701"
45723,"Москва, Зеленоград, корп.702"
45724,"Москва, Зеленоград, корп.703"
45725,"Москва, Зеленоград, корп.704"
45726,"Москва, Зеленоград, корп.705"
45727,"Москва, Зеленоград, корп.706"
45728,"Москва, Зеленоград, корп.707"
45729,"Москва, Зеленоград, корп.707, стр.1"
45730,"Москва, Зеленоград, корп.708"
45731,"Москва, Зеленоград, корп.709"
45732,"Москва, Зеленоград, корп.710"
45733,"Москва, Зеленоград, корп.710, стр.2"
45734,"Москва, Зеленоград, пос. Назарьево, д.101"
45735,"Москва, Зеленоград, пос. Назарьево, д.103"
45736,"Москва, Зеленоград, пос. Назарьево, д.104"
45737,"Москва, Зеленоград, пос. Назарьево, д.108"
45738,"Москва, Зеленоград, пос. Назарьево, д.108, стр.1"
45739,"Москва, Зеленоград, пос. Назарьево, д.108, стр.2"
45740,"Москва, Зеленоград, пос. Назарьево, д.110, стр.1"
45741,"Москва, Зеленоград, пос. Назарьево, д.110, стр.2"
45742,"Москва, Зеленоград, пос. Назарьево, д.119"
45743,"Москва, Зеленоград, пос. Назарьево, д.124"
45744,"Москва, Зеленоград, пос. Назарьево, д.59"
45745,"Москва, Зеленоград, пос. Назарьево, д.71"
45746,"Москва, Зеленоград, пос. Назарьево, д.72"
45747,"Москва, Зеленоград, пос. Назарьево, д.74"
45748,"Москва, Зеленоград, пос. Назарьево, д.75"
45749,"Москва, Зеленоград, пос. Назарьево, д.77"
45750,"Москва, Зеленоград, пос. Назарьево, д.79"
45751,"Москва, Зеленоград, пос. Назарьево, д.81"
45752,"Москва, Зеленоград, пос. Назарьево, д.83"
45753,"Москва, Зеленоград, пос. Назарьево, д.87"
45754,"Москва, Зеленоград, пос. Назарьево, д.89"
45755,"Москва, Зеленоград, пос. Назарьево, д.89А"
45756,"Москва, Зеленоград, пос. Назарьево, д.91"
45757,"Москва, Зеленоград, пос. Назарьево, д.96Б"
45758,"Москва, Зеленоград, пос. Назарьево, д.97"
45759,"Москва, Зеленоград, Берёзовая аллея, д.1"
45760,"Москва, Зеленоград, Берёзовая аллея, д.2"
45761,"Москва, Зеленоград, Берёзовая аллея, д.3"
45762,"Москва, Зеленоград, Берёзовая аллея, д.6"
45763,"Москва, Зеленоград, Берёзовая аллея, д.6А"
45764,"Москва, Зеленоград, Берёзовая аллея, д.8"
45765,"Москва, Зеленоград, Берёзовая аллея, д.9"
45766,"Москва, Зеленоград, корп.401"
45767,"Москва, Зеленоград, корп.402"
45768,"Москва, Зеленоград, корп.403"
45769,"Москва, Зеленоград, корп.405"
45770,"Москва, Зеленоград, корп.406"
45771,"Москва, Зеленоград, корп.407"
45772,"Москва, Зеленоград, корп.409"
45773,"Москва, Зеленоград, корп.410"
45774,"Москва, Зеленоград, корп.410, стр.1"
45775,"Москва, Зеленоград, корп.414"
45776,"Москва, Зеленоград, корп.415"
45777,"Москва, Зеленоград, корп.416"
45778,"Москва, Зеленоград, корп.417"
45779,"Москва, Зеленоград, корп.418"
45780,"Москва, Зеленоград, корп.419"
45781,"Москва, Зеленоград, корп.422"
45782,"Москва, Зеленоград, корп.423"
45783,"Москва, Зеленоград, корп.424"
45784,"Москва, Зеленоград, корп.424А"
45785,"Москва, Зеленоград, корп.424Б"
45786,"Москва, Зеленоград, корп.424В"
45787,"Москва, Зеленоград, корп.425"
45788,"Москва, Зеленоград, корп.426"
45789,"Москва, Зеленоград, корп.427"
45790,"Москва, Зеленоград, корп.428"
45791,"Москва, Зеленоград, корп.429"
45792,"Москва, Зеленоград, корп.431"
45793,"Москва, Зеленоград, корп.432"
45794,"Москва, Зеленоград, корп.433"
45795,"Москва, Зеленоград, корп.435"
45796,"Москва, Зеленоград, корп.436"
45797,"Москва, Зеленоград, корп.438"
45798,"Москва, Зеленоград, корп.439"
45799,"Москва, Зеленоград, корп.440"
45800,"Москва, Зеленоград, корп.440, стр.1"
45801,"Москва, Зеленоград, корп.441"
45802,"Москва, Зеленоград, корп.442"
45803,"Москва, Зеленоград, корп.445"
45804,"Москва, Зеленоград, корп.445, стр.1"
45805,"Москва, Зеленоград, корп.446"
45806,"Москва, Зеленоград, корп.447"
45807,"Москва, Зеленоград, корп.448"
45808,"Москва, Зеленоград, корп.449"
45809,"Москва, Зеленоград, корп.450"
45810,"Москва, Зеленоград, корп.451"
45811,"Москва, Зеленоград, корп.452"
45812,"Москва, Зеленоград, корп.453"
45813,"Москва, Зеленоград, корп.454"
45814,"Москва, Зеленоград, корп.455"
45815,"Москва, Зеленоград, корп.456"
45816,"Москва, Зеленоград, корп.457"
45817,"Москва, Зеленоград, корп.458"
45818,"Москва, Зеленоград, корп.469"
45819,"Москва, Зеленоград, Панфиловский пр-кт, д.44"
45820,"Москва, Зеленоград, Панфиловский пр-кт, д.46"
45821,"Москва, Зеленоград, Рабочая ул, д.19"
45822,"Москва, Зеленоград, Рабочая ул, д.21"
45823,"Москва, Зеленоград, Рабочая ул, д.25"
45824,"Москва, Зеленоград, Рабочая ул, д.29"
45825,"Москва, Зеленоград, корп.901"
45826,"Москва, Зеленоград, корп.902"
45827,"Москва, Зеленоград, корп.902А"
45828,"Москва, Зеленоград, корп.903"
45829,"Москва, Зеленоград, корп.904"
45830,"Москва, Зеленоград, корп.905"
45831,"Москва, Зеленоград, корп.906"
45832,"Москва, Зеленоград, корп.908"
45833,"Москва, Зеленоград, корп.909"
45834,"Москва, Зеленоград, корп.913"
45835,"Москва, Зеленоград, корп.914"
45836,"Москва, Зеленоград, корп.915"
45837,"Москва, Зеленоград, корп.915, стр.1"
45838,"Москва, Зеленоград, корп.916"
45839,"Москва, Зеленоград, корп.917"
45840,"Москва, Зеленоград, корп.918"
45841,"Москва, Зеленоград, корп.919"
45842,"Москва, Зеленоград, корп.919, стр.1"
45843,"Москва, Зеленоград, корп.920"
45844,"Москва, Зеленоград, корп.920, стр.1"
45845,"Москва, Зеленоград, корп.921"
45846,"Москва, Зеленоград, корп.922"
45847,"Москва, Зеленоград, корп.923"
45848,"Москва, Зеленоград, корп.924"
45849,"Москва, Зеленоград, корп.925"
45850,"Москва, Зеленоград, корп.926"
45851,"Москва, Зеленоград, корп.927"
45852,"Москва, Зеленоград, корп.929"
45853,"Москва, Зеленоград, корп.930"
45854,"Москва, Зеленоград, корп.931"
45855,"Москва, Зеленоград, корп.933"
45856,"Москва, Зеленоград, ул. Калинина, д.26, стр.А"
45857,"Москва, Зеленоград, ул. Калинина, д.28"
45858,"Москва, Зеленоград, ул. Калинина, д.30"
45859,"Москва, Зеленоград, ул. Калинина, д.33"
45860,"Москва, Зеленоград, ул. Калинина, д.35, стр.2А"
45861,"Москва, Зеленоград, ул. Калинина, д.37"
45862,"Москва, Зеленоград, ул. Калинина, д.39"
45863,"Москва, Зеленоград, ул. Калинина, д.41"
45864,"Москва, Зеленоград, ул. Калинина, д.43"
45865,"Москва, Зеленоград, ул. Калинина, д.43А"
45866,"Москва, Зеленоград, ул. Щербакова, д.29"
45867,"Москва, Зеленоград, ул. Щербакова, д.31"
45868,"Москва, Зеленоград, ул. Щербакова, д.33"
45869,"Москва, Зеленоград, ул. Щербакова, д.33А"
45870,"Москва, Зеленоград, ул. Щербакова, д.33Б"
45871,"Москва, Зеленоград, ул. Щербакова, д.35"
45872,"Москва, Зеленоград, ул. Щербакова, д.37"
45873,"Москва, Зеленоград, ул. Щербакова, д.39"
45874,"Москва, Зеленоград, ул. Щербакова, д.39А"
45875,"Москва, Зеленоград, ул. Щербакова, д.40"
45876,"Москва, Зеленоград, ул. Щербакова, д.41"
45877,"Москва, Зеленоград, ул. Щербакова, д.42"
45878,"Москва, Зеленоград, ул. Щербакова, д.43"
45879,"Москва, Зеленоград, ул. Щербакова, д.44"
45880,"Москва, Зеленоград, ул. Щербакова, д.46"
45881,"Москва, Зеленоград, ул. Щербакова, д.48"
45882,"Москва, Зеленоград, ул. Щербакова, д.52"
45883,"Москва, Зеленоград, корп.1201"
45884,"Москва, Зеленоград, корп.1202"
45885,"Москва, Зеленоград, корп.1203"
45886,"Москва, Зеленоград, корп.1204"
45887,"Москва, Зеленоград, корп.1205"
45888,"Москва, Зеленоград, корп.1206"
45889,"Москва, Зеленоград, корп.1207"
45890,"Москва, Зеленоград, корп.1208"
45891,"Москва, Зеленоград, корп.1209"
45892,"Москва, Зеленоград, корп.1210"
45893,"Москва, Зеленоград, корп.1211"
45894,"Москва, Зеленоград, корп.1212"
45895,"Москва, Зеленоград, корп.1213"
45896,"Москва, Зеленоград, д.11"
45897,"Москва, Зеленоград, корп.105"
45898,"Москва, Зеленоград, корп.106"
45899,"Москва, Зеленоград, корп.107А"
45900,"Москва, Зеленоград, корп.107Б"
45901,"Москва, Зеленоград, корп.107В"
45902,"Москва, Зеленоград, корп.107Г"
45903,"Москва, Зеленоград, корп.109"
45904,"Москва, Зеленоград, корп.117"
45905,"Москва, Зеленоград, корп.118"
45906,"Москва, Зеленоград, корп.119"
45907,"Москва, Зеленоград, корп.120"
45908,"Москва, Зеленоград, корп.125"
45909,"Москва, Зеленоград, корп.125, стр.1"
45910,"Москва, Зеленоград, корп.126"
45911,"Москва, Зеленоград, корп.127"
45912,"Москва, Зеленоград, корп.128"
45913,"Москва, Зеленоград, корп.129"
45914,"Москва, Зеленоград, корп.130А"
45915,"Москва, Зеленоград, корп.130Б"
45916,"Москва, Зеленоград, корп.138"
45917,"Москва, Зеленоград, корп.139"
45918,"Москва, Зеленоград, корп.141"
45919,"Москва, Зеленоград, корп.145"
45920,"Москва, Зеленоград, корп.146"
45921,"Москва, Зеленоград, корп.147"
45922,"Москва, Зеленоград, корп.148"
45923,"Москва, Зеленоград, корп.153"
45924,"Москва, Зеленоград, корп.158"
45925,"Москва, Зеленоград, корп.160"
45926,"Москва, Зеленоград, корп.161"
45927,"Москва, Зеленоград, корп.162"
45928,"Москва, Зеленоград, корп.164"
45929,"Москва, Зеленоград, корп.165"
45930,"Москва, Зеленоград, корп.166"
45931,"Москва, Зеленоград, пл. Юности, д.3"
45932,"Москва, Зеленоград, пл. Юности, д.3А"
45933,"Москва, Зеленоград, пл. Юности, д.4"
45934,"Москва, Зеленоград, пл. Юности, д.5"
45935,"Москва, Зеленоград, ул. Юности, д.11"
45936,"Москва, Зеленоград, ул. Юности, д.13"
45937,"Москва, Зеленоград, ул. Юности, д.15"
45938,"Москва, Зеленоград, ул. Юности, д.7"
45939,"Москва, Зеленоград, ул. Юности, д.9"
45940,"Москва, Зеленоград, Колхозная ул, д.105"
45941,"Москва, Зеленоград, Колхозная ул, д.27"
45942,"Москва, Зеленоград, Колхозная ул, д.73"
45943,"Москва, Зеленоград, Колхозная ул, д.74"
45944,"Москва, Зеленоград, Колхозная ул, д.77"
45945,"Москва, Зеленоград, Колхозная ул, д.82"
45946,"Москва, Зеленоград, Колхозная ул, д.90"
45947,"Москва, Зеленоград, корп.1101"
45948,"Москва, Зеленоград, корп.1102"
45949,"Москва, Зеленоград, корп.1103"
45950,"Москва, Зеленоград, корп.1106"
45951,"Москва, Зеленоград, корп.1107"
45952,"Москва, Зеленоград, корп.1108"
45953,"Москва, Зеленоград, корп.1110"
45954,"Москва, Зеленоград, корп.1111"
45955,"Москва, Зеленоград, корп.1113"
45956,"Москва, Зеленоград, корп.1114"
45957,"Москва, Зеленоград, корп.1116"
45958,"Москва, Зеленоград, корп.1117"
45959,"Москва, Зеленоград, корп.1118"
45960,"Москва, Зеленоград, корп.1121"
45961,"Москва, Зеленоград, корп.1126"
45962,"Москва, Зеленоград, корп.1129"
45963,"Москва, Зеленоград, корп.1130"
45964,"Москва, Зеленоград, корп.1131"
45965,"Москва, Зеленоград, корп.1132"
45966,"Москва, Зеленоград, корп.1133"
45967,"Москва, Зеленоград, корп.1134"
45968,"Москва, Зеленоград, корп.1135"
45969,"Москва, Зеленоград, корп.1136"
45970,"Москва, Зеленоград, корп.1143"
45971,"Москва, Зеленоград, корп.1145"
45972,"Москва, Зеленоград, корп.801"
45973,"Москва, Зеленоград, корп.802"
45974,"Москва, Зеленоград, корп.803"
45975,"Москва, Зеленоград, корп.807"
45976,"Москва, Зеленоград, корп.808"
45977,"Москва, Зеленоград, корп.810"
45978,"Москва, Зеленоград, корп.811"
45979,"Москва, Зеленоград, корп.812"
45980,"Москва, Зеленоград, корп.813"
45981,"Москва, Зеленоград, корп.814"
45982,"Москва, Зеленоград, корп.815"
45983,"Москва, Зеленоград, корп.820"
45984,"Москва, Зеленоград, корп.824"
45985,"Москва, Зеленоград, корп.826"
45986,"Москва, Зеленоград, корп.828"
45987,"Москва, Зеленоград, корп.828А"
45988,"Москва, Зеленоград, корп.828Б"
45989,"Москва, Зеленоград, корп.830"
45990,"Москва, Зеленоград, корп.830, стр.1"
45991,"Москва, Зеленоград, корп.831"
45992,"Москва, Зеленоград, корп.832"
45993,"Москва, Зеленоград, корп.833"
45994,"Москва, Зеленоград, корп.834А"
45995,"Москва, Зеленоград, корп.834Б"
45996,"Москва, Зеленоград, корп.834В"
45997,"Москва, Зеленоград, корп.837"
45998,"Москва, Зеленоград, корп.839"
45999,"Москва, Зеленоград, корп.840"
46000,"Москва, Зеленоград, корп.841"
46001,"Москва, Зеленоград, корп.842"
46002,"Москва, Зеленоград, корп.847"
46003,"Москва, Зеленоград, корп.854"
46004,"Москва, Зеленоград, корп.856"
46005,"Москва, Зеленоград, Заречная ул, д.1"
46006,"Москва, Зеленоград, Заречная ул, д.10"
46007,"Москва, Зеленоград, Заречная ул, д.11"
46008,"Москва, Зеленоград, Заречная ул, д.12"
46009,"Москва, Зеленоград, Заречная ул, д.12А"
46010,"Москва, Зеленоград, Заречная ул, д.13"
46011,"Москва, Зеленоград, Заречная ул, д.14"
46012,"Москва, Зеленоград, Заречная ул, д.15"
46013,"Москва, Зеленоград, Заречная ул, д.16"
46014,"Москва, Зеленоград, Заречная ул, д.17"
46015,"Москва, Зеленоград, Заречная ул, д.18"
46016,"Москва, Зеленоград, Заречная ул, д.2"
46017,"Москва, Зеленоград, Заречная ул, д.20"
46018,"Москва, Зеленоград, Заречная ул, д.21"
46019,"Москва, Зеленоград, Заречная ул, д.22, стр.А"
46020,"Москва, Зеленоград, Заречная ул, д.23"
46021,"Москва, Зеленоград, Заречная ул, д.28"
46022,"Москва, Зеленоград, Заречная ул, д.29"
46023,"Москва, Зеленоград, Заречная ул, д.3"
46024,"Москва, Зеленоград, Заречная ул, д.30"
46025,"Москва, Зеленоград, Заречная ул, д.4"
46026,"Москва, Зеленоград, Заречная ул, д.6"
46027,"Москва, Зеленоград, Заречная ул, д.7"
46028,"Москва, Зеленоград, Заречная ул, д.7А"
46029,"Москва, Зеленоград, Заречная ул, д.9"
46030,"Москва, Зеленоград, Зелёная ул, д.10"
46031,"Москва, Зеленоград, Зелёная ул, д.10, стр.1"
46032,"Москва, Зеленоград, Зелёная ул, д.12"
46033,"Москва, Зеленоград, Зелёная ул, д.14"
46034,"Москва, Зеленоград, Зелёная ул, д.14, стр.1"
46035,"Москва, Зеленоград, Зелёная ул, д.18"
46036,"Москва, Зеленоград, Зелёная ул, д.18, стр.1"
46037,"Москва, Зеленоград, Зелёная ул, д.20, стр.А"
46038,"Москва, Зеленоград, Зелёная ул, д.20А"
46039,"Москва, Зеленоград, Зелёная ул, д.22"
46040,"Москва, Зеленоград, Зелёная ул, д.22А"
46041,"Москва, Зеленоград, Зелёная ул, д.23, стр.А"
46042,"Москва, Зеленоград, Зелёная ул, д.24"
46043,"Москва, Зеленоград, Зелёная ул, д.26"
46044,"Москва, Зеленоград, Зелёная ул, д.27, стр.А"
46045,"Москва, Зеленоград, Зелёная ул, д.28"
46046,"Москва, Зеленоград, Зелёная ул, д.29, стр.А"
46047,"Москва, Зеленоград, Зелёная ул, д.30, стр.1"
46048,"Москва, Зеленоград, Зелёная ул, д.30А"
46049,"Москва, Зеленоград, Зелёная ул, д.31, стр.1"
46050,"Москва, Зеленоград, Зелёная ул, д.33"
46051,"Москва, Зеленоград, Зелёная ул, д.34"
46052,"Москва, Зеленоград, Зелёная ул, д.34, стр.1"
46053,"Москва, Зеленоград, Зелёная ул, д.34А"
46054,"Москва, Зеленоград, Зелёная ул, д.34А, стр.1"
46055,"Москва, Зеленоград, Зелёная ул, д.35"
46056,"Москва, Зеленоград, Зелёная ул, д.36, стр.1"
46057,"Москва, Зеленоград, Зелёная ул, д.38А"
46058,"Москва, Зеленоград, Зелёная ул, д.39, стр.1"
46059,"Москва, Зеленоград, Зелёная ул, д.39А, стр.1"
46060,"Москва, Зеленоград, Зелёная ул, д.40"
46061,"Москва, Зеленоград, Зелёная ул, д.40А"
46062,"Москва, Зеленоград, Зелёная ул, д.41"
46063,"Москва, Зеленоград, Зелёная ул, д.42"
46064,"Москва, Зеленоград, Зелёная ул, д.42, стр.1"
46065,"Москва, Зеленоград, Зелёная ул, д.42А"
46066,"Москва, Зеленоград, Зелёная ул, д.43"
46067,"Москва, Зеленоград, Зелёная ул, д.43, стр.1"
46068,"Москва, Зеленоград, Зелёная ул, д.45А, стр.1"
46069,"Москва, Зеленоград, Зелёная ул, д.56"
46070,"Москва, Зеленоград, Зелёная ул, д.58, стр.1"
46071,"Москва, Зеленоград, Зелёная ул, д.60"
46072,"Москва, Зеленоград, Зелёная ул, д.62"
46073,"Москва, Зеленоград, Зелёная ул, д.64"
46074,"Москва, Зеленоград, Зелёная ул, д.64, стр.1"
46075,"Москва, Зеленоград, Зелёная ул, д.67"
46076,"Москва, Зеленоград, Зелёная ул, д.67, стр.1"
46077,"Москва, Зеленоград, Зелёная ул, д.8"
46078,"Москва, Зеленоград, Зелёная ул, д.8, стр.1"
46079,"Москва, Зеленоград, корп.1601"
46080,"Москва, Зеленоград, корп.1602"
46081,"Москва, Зеленоград, корп.1603"
46082,"Москва, Зеленоград, корп.1605"
46083,"Москва, Зеленоград, корп.1606"
46084,"Москва, Зеленоград, корп.1607"
46085,"Москва, Зеленоград, корп.1613"
46086,"Москва, Зеленоград, корп.1614"
46087,"Москва, Зеленоград, корп.1615"
46088,"Москва, Зеленоград, корп.1616"
46089,"Москва, Зеленоград, корп.1619"
46090,"Москва, Зеленоград, корп.1620"
46091,"Москва, Зеленоград, корп.1620, стр.1"
46092,"Москва, Зеленоград, корп.1621"
46093,"Москва, Зеленоград, корп.1622"
46094,"Москва, Зеленоград, корп.1623"
46095,"Москва, Зеленоград, корп.1624"
46096,"Москва, Зеленоград, корп.1625"
46097,"Москва, Зеленоград, корп.1626"
46098,"Москва, Зеленоград, корп.1639"
46099,"Москва, Зеленоград, корп.1640"
46100,"Москва, Зеленоград, корп.1643"
46101,"Москва, Зеленоград, корп.1645"
46102,"Москва, Зеленоград, корп.1649"
46103,"Москва, Зеленоград, корп.1401"
46104,"Москва, Зеленоград, корп.1402"
46105,"Москва, Зеленоград, корп.1403"
46106,"Москва, Зеленоград, корп.1407"
46107,"Москва, Зеленоград, корп.1408"
46108,"Москва, Зеленоград, корп.1409"
46109,"Москва, Зеленоград, корп.1412"
46110,"Москва, Зеленоград, корп.1414"
46111,"Москва, Зеленоград, корп.1416"
46112,"Москва, Зеленоград, корп.1417"
46113,"Москва, Зеленоград, корп.1418"
46114,"Москва, Зеленоград, корп.1419"
46115,"Москва, Зеленоград, корп.1420"
46116,"Москва, Зеленоград, корп.1420, стр.1"
46117,"Москва, Зеленоград, корп.1422"
46118,"Москва, Зеленоград, корп.1423"
46119,"Москва, Зеленоград, корп.1424"
46120,"Москва, Зеленоград, корп.1425"
46121,"Москва, Зеленоград, корп.1428"
46122,"Москва, Зеленоград, корп.1429"
46123,"Москва, Зеленоград, корп.1430"
46124,"Москва, Зеленоград, корп.1431"
46125,"Москва, Зеленоград, корп.1432"
46126,"Москва, Зеленоград, корп.1432, стр.1"
46127,"Москва, Зеленоград, корп.1435"
46128,"Москва, Зеленоград, корп.1436"
46129,"Москва, Зеленоград, корп.1437"
46130,"Москва, Зеленоград, корп.1438"
46131,"Москва, Зеленоград, корп.1441"
46132,"Москва, Зеленоград, корп.1443"
46133,"Москва, Зеленоград, корп.1445"
46134,"Москва, Зеленоград, корп.1448"
46135,"Москва, Зеленоград, корп.1449"
46136,"Москва, Зеленоград, корп.1450"
46137,"Москва, Зеленоград, корп.1451"
46138,"Москва, Зеленоград, корп.1452"
46139,"Москва, Зеленоград, корп.1453"
46140,"Москва, Зеленоград, корп.1454"
46141,"Москва, Зеленоград, корп.1455"
46142,"Москва, Зеленоград, корп.1456"
46143,"Москва, Зеленоград, корп.1457"
46144,"Москва, Зеленоград, корп.1458"
46145,"Москва, Зеленоград, корп.1459"
46146,"Москва, Зеленоград, корп.1461"
46147,"Москва, Зеленоград, корп.1462"
46148,"Москва, Зеленоград, корп.1463"
46149,"Москва, Зеленоград, корп.1464"
46150,"Москва, Зеленоград, корп.1465"
46151,"Москва, Зеленоград, корп.1466"
46152,"Москва, Зеленоград, корп.1467"
46153,"Москва, Зеленоград, корп.1468"
46154,"Москва, Зеленоград, корп.1469"
46155,"Москва, Зеленоград, корп.1471"
46156,"Москва, Зеленоград, корп.1501"
46157,"Москва, Зеленоград, корп.1504"
46158,"Москва, Зеленоград, корп.1504, стр.1"
46159,"Москва, Зеленоград, корп.1505"
46160,"Москва, Зеленоград, корп.1506"
46161,"Москва, Зеленоград, корп.1507"
46162,"Москва, Зеленоград, корп.1509"
46163,"Москва, Зеленоград, корп.1512"
46164,"Москва, Зеленоград, корп.1517"
46165,"Москва, Зеленоград, корп.1518"
46166,"Москва, Зеленоград, корп.1519"
46167,"Москва, Зеленоград, корп.1520"
46168,"Москва, Зеленоград, корп.1521"
46169,"Москва, Зеленоград, корп.1522"
46170,"Москва, Зеленоград, корп.1524"
46171,"Москва, Зеленоград, корп.1535"
46172,"Москва, Зеленоград, корп.1537"
46173,"Москва, Зеленоград, корп.1537, стр.1"
46174,"Москва, Зеленоград, корп.1537, стр.2"
46175,"Москва, Зеленоград, корп.1537, стр.3"
46176,"Москва, Зеленоград, корп.1537, стр.4"
46177,"Москва, Зеленоград, корп.1538"
46178,"Москва, Зеленоград, корп.1539"
46179,"Москва, Зеленоград, корп.1540"
46180,"Москва, Зеленоград, корп.1542"
46181,"Москва, Зеленоград, корп.1544"
46182,"Москва, Зеленоград, корп.1546"
46183,"Москва, Зеленоград, корп.1546, стр.1"
46184,"Москва, Зеленоград, корп.1551"
46185,"Москва, Зеленоград, корп.1552"
46186,"Москва, Зеленоград, корп.1553"
46187,"Москва, Зеленоград, корп.1554"
46188,"Москва, Зеленоград, корп.1557"
46189,"Москва, Зеленоград, корп.1559"
46190,"Москва, Зеленоград, корп.1560"
46191,"Москва, Зеленоград, корп.1561"
46192,"Москва, Зеленоград, корп.1562"
46193,"Москва, Зеленоград, Никольский проезд, д.5"
46194,"Москва, Зеленоград, корп.501"
46195,"Москва, Зеленоград, корп.503"
46196,"Москва, Зеленоград, корп.504"
46197,"Москва, Зеленоград, корп.504, стр.1"
46198,"Москва, Зеленоград, корп.504, стр.2"
46199,"Москва, Зеленоград, корп.505"
46200,"Москва, Зеленоград, корп.505, стр.1"
46201,"Москва, Зеленоград, корп.506"
46202,"Москва, Зеленоград, корп.508"
46203,"Москва, Зеленоград, корп.510"
46204,"Москва, Зеленоград, корп.511"
46205,"Москва, Зеленоград, корп.511, стр.1"
46206,"Москва, Зеленоград, корп.512"
46207,"Москва, Зеленоград, корп.513"
46208,"Москва, Зеленоград, корп.515"
46209,"Москва, Зеленоград, корп.516"
46210,"Москва, Зеленоград, корп.518"
46211,"Москва, Зеленоград, корп.518, стр.2"
46212,"Москва, Зеленоград, корп.519"
46213,"Москва, Зеленоград, корп.520"
46214,"Москва, Зеленоград, корп.521"
46215,"Москва, Зеленоград, корп.522"
46216,"Москва, Зеленоград, корп.523"
46217,"Москва, Зеленоград, корп.524"
46218,"Москва, Зеленоград, корп.525"
46219,"Москва, Зеленоград, корп.526"
46220,"Москва, Зеленоград, корп.527"
46221,"Москва, Зеленоград, корп.527, стр.2"
46222,"Москва, Зеленоград, корп.528"
46223,"Москва, Зеленоград, корп.529"
46224,"Москва, Зеленоград, корп.530"
46225,"Москва, Зеленоград, корп.531"
46226,"Москва, Зеленоград, корп.532"
46227,"Москва, Зеленоград, корп.533"
46228,"Москва, Зеленоград, Заводская ул, д.1"
46229,"Москва, Зеленоград, Заводская ул, д.10"
46230,"Москва, Зеленоград, Заводская ул, д.12А"
46231,"Москва, Зеленоград, Заводская ул, д.12Б"
46232,"Москва, Зеленоград, Заводская ул, д.14"
46233,"Москва, Зеленоград, Заводская ул, д.14А"
46234,"Москва, Зеленоград, Заводская ул, д.14Б"
46235,"Москва, Зеленоград, Заводская ул, д.14Г"
46236,"Москва, Зеленоград, Заводская ул, д.15"
46237,"Москва, Зеленоград, Заводская ул, д.16"
46238,"Москва, Зеленоград, Заводская ул, д.16А"
46239,"Москва, Зеленоград, Заводская ул, д.16Б"
46240,"Москва, Зеленоград, Заводская ул, д.17"
46241,"Москва, Зеленоград, Заводская ул, д.1А"
46242,"Москва, Зеленоград, Заводская ул, д.2"
46243,"Москва, Зеленоград, Заводская ул, д.24"
46244,"Москва, Зеленоград, Заводская ул, д.3"
46245,"Москва, Зеленоград, Заводская ул, д.4"
46246,"Москва, Зеленоград, Заводская ул, д.4А"
46247,"Москва, Зеленоград, Заводская ул, д.6"
46248,"Москва, Зеленоград, Заводская ул, д.6А"
46249,"Москва, Зеленоград, Заводская ул, д.8"
46250,"Москва, Зеленоград, Заводской пер, д.1"
46251,"Москва, Зеленоград, Заводской пер, д.10"
46252,"Москва, Зеленоград, Заводской пер, д.11"
46253,"Москва, Зеленоград, Заводской пер, д.12"
46254,"Москва, Зеленоград, Заводской пер, д.14"
46255,"Москва, Зеленоград, Заводской пер, д.16"
46256,"Москва, Зеленоград, Заводской пер, д.18"
46257,"Москва, Зеленоград, Заводской пер, д.20"
46258,"Москва, Зеленоград, Заводской пер, д.22"
46259,"Москва, Зеленоград, Заводской пер, д.3"
46260,"Москва, Зеленоград, Заводской пер, д.4"
46261,"Москва, Зеленоград, Заводской пер, д.6"
46262,"Москва, Зеленоград, Заводской пер, д.7"
46263,"Москва, Зеленоград, Заводской пер, д.8"
46264,"Москва, Зеленоград, Заводской пер, д.9"
46265,"Москва, Зеленоград, Заводской туп, д.10"
46266,"Москва, Зеленоград, Заводской туп, д.10, стр.2А"
46267,"Москва, Зеленоград, Заводской туп, д.17"
46268,"Москва, Зеленоград, Заводской туп, д.2"
46269,"Москва, Зеленоград, Заводской туп, д.26"
46270,"Москва, Зеленоград, Заводской туп, д.4"
46271,"Москва, Зеленоград, Заводской туп, д.6"
46272,"Москва, Зеленоград, Заводской туп, д.8"
46273,"Москва, Зеленоград, Лесная ул, д.1"
46274,"Москва, Зеленоград, Лесная ул, д.10"
46275,"Москва, Зеленоград, Лесная ул, д.11"
46276,"Москва, Зеленоград, Лесная ул, д.12"
46277,"Москва, Зеленоград, Лесная ул, д.13"
46278,"Москва, Зеленоград, Лесная ул, д.14"
46279,"Москва, Зеленоград, Лесная ул, д.17"
46280,"Москва, Зеленоград, Лесная ул, д.18"
46281,"Москва, Зеленоград, Лесная ул, д.19"
46282,"Москва, Зеленоград, Лесная ул, д.2"
46283,"Москва, Зеленоград, Лесная ул, д.20"
46284,"Москва, Зеленоград, Лесная ул, д.21"
46285,"Москва, Зеленоград, Лесная ул, д.21А"
46286,"Москва, Зеленоград, Лесная ул, д.22"
46287,"Москва, Зеленоград, Лесная ул, д.23"
46288,"Москва, Зеленоград, Лесная ул, д.24"
46289,"Москва, Зеленоград, Лесная ул, д.3"
46290,"Москва, Зеленоград, Лесная ул, д.4"
46291,"Москва, Зеленоград, Лесная ул, д.5"
46292,"Москва, Зеленоград, Лесная ул, д.6"
46293,"Москва, Зеленоград, Лесная ул, д.7"
46294,"Москва, Зеленоград, Лесная ул, д.8"
46295,"Москва, Зеленоград, Малинская ул, д.1"
46296,"Москва, Зеленоград, Малинская ул, д.110"
46297,"Москва, Зеленоград, Малинская ул, д.15"
46298,"Москва, Зеленоград, Малинская ул, д.49, стр.1"
46299,"Москва, Зеленоград, Малинская ул, д.49, стр.11"
46300,"Москва, Зеленоград, Малинская ул, д.49, стр.12"
46301,"Москва, Зеленоград, Малинская ул, д.49, стр.13"
46302,"Москва, Зеленоград, Малинская ул, д.49, стр.2"
46303,"Москва, Зеленоград, Малинская ул, д.49, стр.3"
46304,"Москва, Зеленоград, Малинская ул, д.49, стр.4"
46305,"Москва, Зеленоград, Малинская ул, д.49, стр.5"
46306,"Москва, Зеленоград, Малинская ул, д.49, стр.6"
46307,"Москва, Зеленоград, Малинская ул, д.50"
46308,"Москва, Зеленоград, Малинская ул, д.51"
46309,"Москва, Зеленоград, Малинская ул, д.52"
46310,"Москва, Зеленоград, Малинская ул, д.53"
46311,"Москва, Зеленоград, Малинская ул, д.55"
46312,"Москва, Зеленоград, Малинская ул, д.56, стр.1"
46313,"Москва, Зеленоград, Малинская ул, д.57"
46314,"Москва, Зеленоград, Малинская ул, д.58"
46315,"Москва, Зеленоград, Малинская ул, д.59"
46316,"Москва, Зеленоград, Малинская ул, д.60"
46317,"Москва, Зеленоград, Малинская ул, д.61"
46318,"Москва, Зеленоград, Малинская ул, д.62"
46319,"Москва, Зеленоград, Малинская ул, д.63"
46320,"Москва, Зеленоград, Малинская ул, д.64"
46321,"Москва, Зеленоград, Малинская ул, д.65"
46322,"Москва, Зеленоград, Малинская ул, д.66"
46323,"Москва, Зеленоград, Малинская ул, д.68"
46324,"Москва, Зеленоград, Малинская ул, д.68А"
46325,"Москва, Зеленоград, Малинская ул, д.69"
46326,"Москва, Зеленоград, Малинская ул, д.70"
46327,"Москва, Зеленоград, Малинская ул, д.71"
46328,"Москва, Зеленоград, Малинская ул, д.75"
46329,"Москва, Зеленоград, Малинская ул, д.78"
46330,"Москва, Зеленоград, Малинская ул, д.80"
46331,"Москва, Зеленоград, Малинская ул, д.80А"
46332,"Москва, Зеленоград, Малинская ул, д.96"
46333,"Москва, Зеленоград, Медведковская ул, д.1, стр.1"
46334,"Москва, Зеленоград, Медведковская ул, д.10"
46335,"Москва, Зеленоград, Медведковская ул, д.10А"
46336,"Москва, Зеленоград, Медведковская ул, д.11"
46337,"Москва, Зеленоград, Медведковская ул, д.12"
46338,"Москва, Зеленоград, Медведковская ул, д.13"
46339,"Москва, Зеленоград, Медведковская ул, д.14"
46340,"Москва, Зеленоград, Медведковская ул, д.15"
46341,"Москва, Зеленоград, Медведковская ул, д.16"
46342,"Москва, Зеленоград, Медведковская ул, д.17"
46343,"Москва, Зеленоград, Медведковская ул, д.18"
46344,"Москва, Зеленоград, Медведковская ул, д.19"
46345,"Москва, Зеленоград, Медведковская ул, д.1А, стр.1"
46346,"Москва, Зеленоград, Медведковская ул, д.1А, стр.2"
46347,"Москва, Зеленоград, Медведковская ул, д.2"
46348,"Москва, Зеленоград, Медведковская ул, д.20"
46349,"Москва, Зеленоград, Медведковская ул, д.21"
46350,"Москва, Зеленоград, Медведковская ул, д.22"
46351,"Москва, Зеленоград, Медведковская ул, д.23"
46352,"Москва, Зеленоград, Медведковская ул, д.24"
46353,"Москва, Зеленоград, Медведковская ул, д.25"
46354,"Москва, Зеленоград, Медведковская ул, д.26"
46355,"Москва, Зеленоград, Медведковская ул, д.27"
46356,"Москва, Зеленоград, Медведковская ул, д.28"
46357,"Москва, Зеленоград, Медведковская ул, д.29"
46358,"Москва, Зеленоград, Медведковская ул, д.3"
46359,"Москва, Зеленоград, Медведковская ул, д.30"
46360,"Москва, Зеленоград, Медведковская ул, д.30, стр.3А"
46361,"Москва, Зеленоград, Медведковская ул, д.30А"
46362,"Москва, Зеленоград, Медведковская ул, д.31"
46363,"Москва, Зеленоград, Медведковская ул, д.32"
46364,"Москва, Зеленоград, Медведковская ул, д.4"
46365,"Москва, Зеленоград, Медведковская ул, д.5"
46366,"Москва, Зеленоград, Медведковская ул, д.6"
46367,"Москва, Зеленоград, Медведковская ул, д.7"
46368,"Москва, Зеленоград, Медведковская ул, д.8"
46369,"Москва, Зеленоград, Медведковская ул, д.9"
46370,"Москва, Зеленоград, Новая ул, д.1"
46371,"Москва, Зеленоград, Новая ул, д.10"
46372,"Москва, Зеленоград, Новая ул, д.11"
46373,"Москва, Зеленоград, Новая ул, д.12"
46374,"Москва, Зеленоград, Новая ул, д.13"
46375,"Москва, Зеленоград, Новая ул, д.14"
46376,"Москва, Зеленоград, Новая ул, д.15"
46377,"Москва, Зеленоград, Новая ул, д.2"
46378,"Москва, Зеленоград, Новая ул, д.3"
46379,"Москва, Зеленоград, Новая ул, д.4"
46380,"Москва, Зеленоград, Новая ул, д.5"
46381,"Москва, Зеленоград, Новая ул, д.6"
46382,"Москва, Зеленоград, Новая ул, д.7"
46383,"Москва, Зеленоград, Новая ул, д.8"
46384,"Москва, Зеленоград, Новая ул, д.9"
46385,"Москва, Зеленоград, Овражная ул, д.10"
46386,"Москва, Зеленоград, Овражная ул, д.11"
46387,"Москва, Зеленоград, Овражная ул, д.12"
46388,"Москва, Зеленоград, Овражная ул, д.12А"
46389,"Москва, Зеленоград, Овражная ул, д.13"
46390,"Москва, Зеленоград, Овражная ул, д.15"
46391,"Москва, Зеленоград, Овражная ул, д.16"
46392,"Москва, Зеленоград, Овражная ул, д.16А"
46393,"Москва, Зеленоград, Овражная ул, д.17"
46394,"Москва, Зеленоград, Овражная ул, д.18"
46395,"Москва, Зеленоград, Овражная ул, д.19"
46396,"Москва, Зеленоград, Овражная ул, д.7"
46397,"Москва, Зеленоград, Овражная ул, д.8"
46398,"Москва, Зеленоград, Овражная ул, д.9"
46399,"Москва, Зеленоград, Первомайская ул, д.1"
46400,"Москва, Зеленоград, Первомайская ул, д.10"
46401,"Москва, Зеленоград, Первомайская ул, д.11"
46402,"Москва, Зеленоград, Первомайская ул, д.12"
46403,"Москва, Зеленоград, Первомайская ул, д.13"
46404,"Москва, Зеленоград, Первомайская ул, д.14"
46405,"Москва, Зеленоград, Первомайская ул, д.15"
46406,"Москва, Зеленоград, Первомайская ул, д.16"
46407,"Москва, Зеленоград, Первомайская ул, д.17"
46408,"Москва, Зеленоград, Первомайская ул, д.18"
46409,"Москва, Зеленоград, Первомайская ул, д.19"
46410,"Москва, Зеленоград, Первомайская ул, д.2"
46411,"Москва, Зеленоград, Первомайская ул, д.20"
46412,"Москва, Зеленоград, Первомайская ул, д.21"
46413,"Москва, Зеленоград, Первомайская ул, д.22"
46414,"Москва, Зеленоград, Первомайская ул, д.23"
46415,"Москва, Зеленоград, Первомайская ул, д.24"
46416,"Москва, Зеленоград, Первомайская ул, д.25"
46417,"Москва, Зеленоград, Первомайская ул, д.26"
46418,"Москва, Зеленоград, Первомайская ул, д.27"
46419,"Москва, Зеленоград, Первомайская ул, д.28"
46420,"Москва, Зеленоград, Первомайская ул, д.29"
46421,"Москва, Зеленоград, Первомайская ул, д.2А"
46422,"Москва, Зеленоград, Первомайская ул, д.3"
46423,"Москва, Зеленоград, Первомайская ул, д.30"
46424,"Москва, Зеленоград, Первомайская ул, д.31"
46425,"Москва, Зеленоград, Первомайская ул, д.32"
46426,"Москва, Зеленоград, Первомайская ул, д.33"
46427,"Москва, Зеленоград, Первомайская ул, д.33, стр.2"
46428,"Москва, Зеленоград, Первомайская ул, д.34"
46429,"Москва, Зеленоград, Первомайская ул, д.35"
46430,"Москва, Зеленоград, Первомайская ул, д.36"
46431,"Москва, Зеленоград, Первомайская ул, д.38"
46432,"Москва, Зеленоград, Первомайская ул, д.39"
46433,"Москва, Зеленоград, Первомайская ул, д.4"
46434,"Москва, Зеленоград, Первомайская ул, д.40"
46435,"Москва, Зеленоград, Первомайская ул, д.41"
46436,"Москва, Зеленоград, Первомайская ул, д.42"
46437,"Москва, Зеленоград, Первомайская ул, д.5"
46438,"Москва, Зеленоград, Первомайская ул, д.6, стр.А"
46439,"Москва, Зеленоград, Первомайская ул, д.7"
46440,"Москва, Зеленоград, Первомайская ул, д.8"
46441,"Москва, Зеленоград, Первомайская ул, д.9"
46442,"Москва, Зеленоград, Проезд N 6537, д.1"
46443,"Москва, Зеленоград, Проезд N 6537, д.11"
46444,"Москва, Зеленоград, Проезд N 6537, д.13"
46445,"Москва, Зеленоград, Проезд N 6537, д.15"
46446,"Москва, Зеленоград, Проезд N 6537, д.17"
46447,"Москва, Зеленоград, Проезд N 6537, д.19"
46448,"Москва, Зеленоград, Проезд N 6537, д.2, стр.1"
46449,"Москва, Зеленоград, Проезд N 6537, д.21"
46450,"Москва, Зеленоград, Проезд N 6537, д.23"
46451,"Москва, Зеленоград, Проезд N 6537, д.3"
46452,"Москва, Зеленоград, Проезд N 6537, д.5"
46453,"Москва, Зеленоград, Проезд N 6537, д.5, стр.1"
46454,"Москва, Зеленоград, Проезд N 6537, д.9"
46455,"Москва, Зеленоград, Прудная ул, д.1"
46456,"Москва, Зеленоград, Прудная ул, д.10"
46457,"Москва, Зеленоград, Прудная ул, д.11"
46458,"Москва, Зеленоград, Прудная ул, д.12"
46459,"Москва, Зеленоград, Прудная ул, д.13"
46460,"Москва, Зеленоград, Прудная ул, д.14"
46461,"Москва, Зеленоград, Прудная ул, д.15"
46462,"Москва, Зеленоград, Прудная ул, д.16"
46463,"Москва, Зеленоград, Прудная ул, д.17"
46464,"Москва, Зеленоград, Прудная ул, д.18"
46465,"Москва, Зеленоград, Прудная ул, д.19"
46466,"Москва, Зеленоград, Прудная ул, д.19А"
46467,"Москва, Зеленоград, Прудная ул, д.2"
46468,"Москва, Зеленоград, Прудная ул, д.20"
46469,"Москва, Зеленоград, Прудная ул, д.21"
46470,"Москва, Зеленоград, Прудная ул, д.3"
46471,"Москва, Зеленоград, Прудная ул, д.4"
46472,"Москва, Зеленоград, Прудная ул, д.5"
46473,"Москва, Зеленоград, Прудная ул, д.6"
46474,"Москва, Зеленоград, Прудная ул, д.7"
46475,"Москва, Зеленоград, Прудная ул, д.70"
46476,"Москва, Зеленоград, Прудная ул, д.8"
46477,"Москва, Зеленоград, Прудная ул, д.9"
46478,"Москва, Зеленоград, Прудный пер, д.1"
46479,"Москва, Зеленоград, Прудный пер, д.3"
46480,"Москва, Зеленоград, Прудный пер, д.4"
46481,"Москва, Зеленоград, Прудный пер, д.5"
46482,"Москва, Зеленоград, Ровная ул, д.1"
46483,"Москва, Зеленоград, Ровная ул, д.10"
46484,"Москва, Зеленоград, Ровная ул, д.10А"
46485,"Москва, Зеленоград, Ровная ул, д.10Б"
46486,"Москва, Зеленоград, Ровная ул, д.1А"
46487,"Москва, Зеленоград, Ровная ул, д.1Б"
46488,"Москва, Зеленоград, Ровная ул, д.2"
46489,"Москва, Зеленоград, Ровная ул, д.2А"
46490,"Москва, Зеленоград, Ровная ул, д.2Б"
46491,"Москва, Зеленоград, Ровная ул, д.3"
46492,"Москва, Зеленоград, Ровная ул, д.4, стр.1"
46493,"Москва, Зеленоград, Ровная ул, д.5"
46494,"Москва, Зеленоград, Ровная ул, д.6"
46495,"Москва, Зеленоград, Ровная ул, д.7"
46496,"Москва, Зеленоград, Ровная ул, д.8"
46497,"Москва, Зеленоград, Садовая ул, д.11"
46498,"Москва, Зеленоград, Садовая ул, д.13"
46499,"Москва, Зеленоград, Садовая ул, д.15"
46500,"Москва, Зеленоград, Садовая ул, д.17"
46501,"Москва, Зеленоград, Садовая ул, д.19"
46502,"Москва, Зеленоград, Садовая ул, д.21"
46503,"Москва, Зеленоград, Садовая ул, д.23"
46504,"Москва, Зеленоград, Садовая ул, д.25"
46505,"Москва, Зеленоград, Садовая ул, д.27"
46506,"Москва, Зеленоград, Садовая ул, д.3"
46507,"Москва, Зеленоград, Садовая ул, д.5"
46508,"Москва, Зеленоград, Садовая ул, д.7"
46509,"Москва, Зеленоград, Садовая ул, д.9"
46510,"Москва, Зеленоград, Советская ул, д.2"
46511,"Москва, Зеленоград, Советская ул, д.3"
46512,"Москва, Зеленоград, Советская ул, д.3А"
46513,"Москва, Зеленоград, Советская ул, д.4"
46514,"Москва, Зеленоград, Советская ул, д.6"
46515,"Москва, Зеленоград, Школьная ул, д.1"
46516,"Москва, Зеленоград, Школьная ул, д.11"
46517,"Москва, Зеленоград, Школьная ул, д.13"
46518,"Москва, Зеленоград, Школьная ул, д.15"
46519,"Москва, Зеленоград, Школьная ул, д.17"
46520,"Москва, Зеленоград, Школьная ул, д.19"
46521,"Москва, Зеленоград, Школьная ул, д.19А"
46522,"Москва, Зеленоград, Школьная ул, д.22"
46523,"Москва, Зеленоград, Школьная ул, д.23"
46524,"Москва, Зеленоград, Школьная ул, д.24"
46525,"Москва, Зеленоград, Школьная ул, д.25"
46526,"Москва, Зеленоград, Школьная ул, д.27"
46527,"Москва, Зеленоград, Школьная ул, д.29"
46528,"Москва, Зеленоград, Школьная ул, д.30"
46529,"Москва, Зеленоград, Школьная ул, д.31"
46530,"Москва, Зеленоград, Школьная ул, д.31А"
46531,"Москва, Зеленоград, Школьная ул, д.33"
46532,"Москва, Зеленоград, Школьная ул, д.35"
46533,"Москва, Зеленоград, Школьная ул, д.40"
46534,"Москва, Зеленоград, Школьная ул, д.41"
46535,"Москва, Зеленоград, Школьная ул, д.42"
46536,"Москва, Зеленоград, Школьная ул, д.43"
46537,"Москва, Зеленоград, Школьная ул, д.44"
46538,"Москва, Зеленоград, Школьная ул, д.45"
46539,"Москва, Зеленоград, Школьная ул, д.46"
46540,"Москва, Зеленоград, Школьная ул, д.5"
46541,"Москва, Зеленоград, Школьная ул, д.7"
46542,"Москва, Зеленоград, дер. Кутузово, д.1"
46543,"Москва, Зеленоград, дер. Кутузово, д.22"
46544,"Москва, Зеленоград, дер. Кутузово, д.23"
46545,"Москва, Зеленоград, дер. Кутузово, д.24"
46546,"Москва, Зеленоград, дер. Кутузово, д.28"
46547,"Москва, Зеленоград, дер. Кутузово, д.3"
46548,"Москва, Зеленоград, дер. Кутузово, д.3А"
46549,"Москва, Зеленоград, дер. Кутузово, д.48"
46550,"Москва, Зеленоград, дер. Кутузово, д.53А"
46551,"Москва, Зеленоград, дер. Кутузово, д.59"
46552,"Москва, Зеленоград, дер. Кутузово, д.65"
46553,"Москва, Зеленоград, дер. Кутузово, д.69"
46554,"Москва, Зеленоград, корп.1801А"
46555,"Москва, Зеленоград, корп.1801Б"
46556,"Москва, Зеленоград, корп.1802"
46557,"Москва, Зеленоград, корп.1803"
46558,"Москва, Зеленоград, корп.1804А"
46559,"Москва, Зеленоград, корп.1804Б"
46560,"Москва, Зеленоград, корп.1805"
46561,"Москва, Зеленоград, корп.1806"
46562,"Москва, Зеленоград, корп.1807"
46563,"Москва, Зеленоград, корп.1808"
46564,"Москва, Зеленоград, корп.1809"
46565,"Москва, Зеленоград, корп.1810"
46566,"Москва, Зеленоград, корп.1811"
46567,"Москва, Зеленоград, корп.1812"
46568,"Москва, Зеленоград, корп.1815"
46569,"Москва, Зеленоград, корп.1818"
46570,"Москва, Зеленоград, корп.1820"
46571,"Москва, Зеленоград, корп.1821"
46572,"Москва, Зеленоград, корп.1822"
46573,"Москва, Зеленоград, корп.1823"
46574,"Москва, Зеленоград, корп.1824"
46575,"Москва, Зеленоград, корп.1925"
46576,"Москва, Зеленоград, пос. Рожки, д.10"
46577,"Москва, Зеленоград, пос. Рожки, д.11"
46578,"Москва, Зеленоград, пос. Рожки, д.12"
46579,"Москва, Зеленоград, пос. Рожки, д.13"
46580,"Москва, Зеленоград, пос. Рожки, д.13А"
46581,"Москва, Зеленоград, пос. Рожки, д.14"
46582,"Москва, Зеленоград, пос. Рожки, д.15"
46583,"Москва, Зеленоград, пос. Рожки, д.3"
46584,"Москва, Зеленоград, пос. Рожки, д.4"
46585,"Москва, Зеленоград, пос. Рожки, д.5"
46586,"Москва, Зеленоград, пос. Рожки, д.6"
46587,"Москва, Зеленоград, пос. Рожки, д.6А"
46588,"Москва, Зеленоград, ул. 1 Мая, д.1"
46589,"Москва, Зеленоград, ул. 1 Мая, д.2"
46590,"Москва, Зеленоград, ул. 1 Мая, д.20"
46591,"Москва, Зеленоград, ул. 1 Мая, д.3"
46592,"Москва, Зеленоград, ул. 1 Мая, д.3, стр.1"
46593,"Москва, Зеленоград, ул. 1 Мая, д.39"
46594,"Москва, Зеленоград, ул. 1 Мая, д.4"
46595,"Москва, Зеленоград, ул. 1 Мая, д.5"
46596,"Москва, Зеленоград, ул. 1 Мая, д.7"
46597,"Москва, Зеленоград, ул. 2-я Пятилетка, д.11"
46598,"Москва, Зеленоград, ул. 2-я Пятилетка, д.2"
46599,"Москва, Зеленоград, ул. 2-я Пятилетка, д.4"
46600,"Москва, Зеленоград, ул. Крупской, д.10"
46601,"Москва, Зеленоград, ул. Крупской, д.2"
46602,"Москва, Зеленоград, ул. Крупской, д.6"
46603,"Москва, Зеленоград, ул. Крупской, д.6А"
46604,"Москва, Зеленоград, ул. Ленина, д.1"
46605,"Москва, Зеленоград, ул. Новомалино, д.1"
46606,"Москва, Зеленоград, ул. Новомалино, д.10"
46607,"Москва, Зеленоград, ул. Новомалино, д.11"
46608,"Москва, Зеленоград, ул. Новомалино, д.3"
46609,"Москва, Зеленоград, ул. Новомалино, д.4"
46610,"Москва, Зеленоград, ул. Новомалино, д.5"
46611,"Москва, Зеленоград, ул. Новомалино, д.6"
46612,"Москва, Зеленоград, ул. Новомалино, д.7"
46613,"Москва, Зеленоград, ул. Новомалино, д.8"
46614,"Москва, Зеленоград, ул. Новомалино, д.9"
46615,"Москва, Зеленоград, ул. Радиоцентр, д.1"
46616,"Москва, Зеленоград, ул. Радиоцентр, д.2"
46617,"Москва, Зеленоград, ул. Радиоцентр, д.6"
46618,"Москва, Зеленоград, ул. Радиоцентр, д.8"
46619,"Москва, Зеленоград, ул. ЦНИИМЭ, д.14"
46620,"Москва, Зеленоград, ул. ЦНИИМЭ, д.15"
46621,"Москва, Зеленоград, корп.2037"
46622,"Москва, Зеленоград, корп.2038"
46623,"Москва, Зеленоград, корп.2039"
46624,"Москва, Зеленоград, корп.2040"
46625,"Москва, Зеленоград, корп.2003"
46626,"Москва, Зеленоград, корп.2005"
46627,"Москва, Зеленоград, корп.2008"
46628,"Москва, Зеленоград, корп.2010"
46629,"Москва, Зеленоград, корп.2013"
46630,"Москва, Зеленоград, корп.2014"
46631,"Москва, Зеленоград, корп.2016"
46632,"Москва, Зеленоград, корп.2016, стр.2"
46633,"Москва, Зеленоград, корп.2018"
46634,"Москва, Зеленоград, корп.2019"
46635,"Москва, Зеленоград, корп.2022"
46636,"Москва, Зеленоград, корп.2024"
46637,"Москва, Зеленоград, корп.2027"
46638,"Москва, Зеленоград, корп.2028"
46639,"Москва, Зеленоград, корп.2033"
46640,"Москва, Зеленоград, корп.2034"
46641,"Москва, Зеленоград, корп.2043"
